gene,Pt1_Pre_AD101148-6,Pt1_On_AD174047-6,Pt10_Pre_E9047565-6,Pt10_On_E9047632-6,Pt101_Pre_AD486328-5,Pt101_On_AD681975-5,Pt103_Pre_AE134058-2,Pt103_On_AE134059-6,Pt105_On_AE373241-6,Pt106_Pre_AD502250-5,Pt106_On_AD513626-6,Pt108_On_AE373243-6,Pt109_On_AE527955-5,Pt109_On_AE527955-6,Pt11_Pre_AD153352-6,Pt11_On_AD314068-6,Pt13_On_AD314067-6,Pt16_On_AD167378-6,Pt17_Pre_E9047563-6,Pt17_On_E9261162-5,Pt18_Pre_E9024732-6,Pt18_On_E9261163-5,Pt2_Pre_AD101150-6,Pt2_On_AD174046-6,Pt23_Pre_AD313075-5,Pt23_On_AD486568-8,Pt24_Pre_AD436687-5,Pt26_Pre_AD467789-6,Pt26_On_AD467915-5,Pt27_Pre_AD453873-5,Pt27_On_AD467934-5,Pt28_Pre_AD297619-6,Pt28_On_AD167375-7,Pt29_Pre_AD497504-5,Pt3_Pre_E9024733-3,Pt3_On_E9047638-6,Pt30_Pre_AD497503-5,Pt30_On_AD505620-6,Pt31_Pre_AD453872-5,Pt31_On_AD467932-6,Pt32_On_E9414883-5,Pt34_Pre_AD466985-6,Pt34_On_AD485757-6,Pt35_On_AD485758-6,Pt36_Pre_AD467095-6,Pt36_On_AD495182-6,Pt37_Pre_AD502452-5,Pt37_On_AD495183-5,Pt38_Pre_E9200719-6,Pt38_On_E9414881-5,Pt39_Pre_AD485899-5,Pt4_Pre_E9021023-6,Pt4_On_E9047643-7,Pt44_Pre_AD467790-6,Pt44_On_AD167376-6,Pt46_Pre_AD467096-6,Pt46_On_AD781834-6,Pt47_Pre_AD506073-6,Pt47_On_AD530367-6,Pt48_Pre_E9047561-7,Pt48_On_E9047631-6,Pt49_Pre_AD667851-6,Pt49_On_AD681976-5,Pt5_Pre_E9021022-6,Pt5_On_E9047635-6,Pt52_Pre_AD506075-6,Pt52_On_AD530365-6,Pt58_On_AE045812-10,Pt59_Pre_AD823915-5,Pt62_Pre_AD608303-5,Pt62_On_AD635728-5,Pt65_Pre_AD793919-6,Pt65_On_AD796996-5,Pt66_Pre_AD667850-6,Pt67_Pre_AD506074-6,Pt67_On_AD530366-6,Pt68_On_AD635729-6,Pt69_On_AD635730-6,Pt72_Pre_AD793922-5,Pt76_Pre_AD667852-6,Pt77_Pre_AD733591-7,Pt77_On_AD733629-8,Pt78_Pre_AD467018-5,Pt78_On_AE148748-6,Pt79_Pre_AD733587-5,Pt79_On_AD733628-6,Pt8_Pre_AD153354-6,Pt8_On_AD167380-7,Pt80_On_AD467874-5,Pt81_On_AD681973-5,Pt82_Pre_AD823914-8,Pt82_On_AD125218-6,Pt84_Pre_AD486532-5,Pt84_On_AD495199-6,Pt85_Pre_AD486329-5,Pt85_On_AE070989-10,Pt87_On_AD495198-6,Pt89_Pre_AE070951-5,Pt89_On_AE070987-5,Pt9_Pre_E9021024-6,Pt9_On_E9047644-7,Pt90_Pre_AD467873-6,Pt92_Pre_AE134060-5,Pt92_On_AE148750-5,Pt93_On_AE070988-5,Pt94_Pre_AD732850-6,Pt94_On_AE373242-6,Pt98_Pre_AD733586-8,Pt98_On_AE086717-6
ADGRE1,2.75743869808079,0.762430856235289,0.19309908551125,1.00994655249158,1.82670742882648,2.3272651176973,0.563803384910776,0.147103762944799,3.34329622324007,0.608448146104561,0.572865359247679,1.70137333983683,0.689260911942371,0.428717736996977,0.423570937035418,0.624040213715076,2.93175285203501,0.198278756863607,0.077270700059563,0.0633253871150607,2.05393826555765,1.74834979383977,3.29696473580832,2.13340581725928,0.904876499001224,0.706795762951432,0.943182054051449,0.101177406019044,0.102909551538864,2.00888916081178,1.41080962316597,0.574420674517018,3.27964302303124,0.501657251581206,0.196241643771495,1.12528757990728,0.278590022545615,5.4599710484604,1.04625138223571,4.77101161410313,19.9766048992402,3.89552343249939,1.3344893806172,0.577916949779037,1.32441610011189,1.91513510252476,0.185460986639713,0.247216293748176,0.133093729349265,0.241738346465231,0.0900292647645016,0.584975802928293,2.13503277903788,1.15565166133999,0.417724271937173,0.898584758863478,0.611929750463037,0.751563928833637,0.422635734536284,2.28006622283651,2.39532538420506,2.18342147751375,3.02088783774901,1.70694543604312,0.90440213321847,0.444964124483675,0.584517604466436,1.41409755931373,1.58225676929259,0.137468617183275,0.308704746306752,0.498378985621504,0.792214413402966,0.13623897823855,0.146201167615553,0.196184306029434,0.050196716385125,1.0159327910215,0.395998754499927,0.303315393212589,2.04076850633739,1.26888913841316,0,1.24060201376436,0.378287530407823,0.346553754474637,0.531396406447607,0.576643963075545,1.04503891338349,4.37038862542893,0.403778163210857,1.94690133252498,0.00879876072569236,0.118666207180058,0.0516396273857796,0.286052617019135,15.6285389460139,0.0840800426601626,0.486107098103183,0.448208102220025,0.174169981510899,1.25185380608737,1.89425758944729,4.79442963407095,0.278494752200181,0.743848453832466,0.920508837013451,0.21951533310311,0.941390695716622
CD68,272.752785072111,115.770565722721,73.2728213312571,227.506159955008,83.9567880009279,97.1965803930852,480.775677711501,227.257123925578,217.09012243621,165.0384896212,127.054698765707,128.242390522534,104.87674953839,82.1611402568264,206.470008070915,160.33664258291,259.347119232832,67.473822488172,69.6158442462564,77.428872804401,164.362974666566,246.645799907747,212.104524320778,167.061875214939,263.044744268377,189.565838106957,844.441545822885,38.6604705556807,28.0735448174205,77.8807172048491,165.676064078215,90.0818081610814,192.483306739587,172.622007282921,101.404502859686,106.413266228662,36.7241070890675,1130.26204221583,78.0185018320496,314.256305984259,277.459581651885,963.426536490534,938.429550069962,434.304254453275,556.992111590058,707.541567819019,53.3778569837751,45.6188330183203,393.397059320773,434.341883743931,23.1315061582534,129.850760289236,372.743725838804,176.169811625533,168.941009532263,1079.03047357305,1006.63013028494,140.833583414323,111.688797534082,115.515119579758,76.04993580745,181.137606643543,457.819063343635,200.089391707966,192.412961556278,60.4035602405235,74.4984315410531,151.390446056013,517.720853647443,93.1661704088206,88.077375455273,282.148189610385,211.911877809626,60.5947715414566,46.2521887833074,21.6929194160872,203.923696674949,1030.65871959843,74.5996583455439,145.958181551371,85.1036893326795,137.448416674341,41.935181506697,121.71838682804,44.4261999749464,42.0219767397107,111.954871138056,126.243952865556,301.571027674266,327.961122869304,171.626503254631,143.318022635514,23.2682279248615,32.6186976437243,86.8411435189212,81.3342638855432,460.719726883252,55.8895878265095,106.300899205679,149.850775186592,118.208425510934,207.23170092928,182.526029665977,298.029866688642,128.541738601759,145.49238199049,179.691032630061,106.795501463537,212.950028759321
CSF1R,28.058692767936,9.77917900612933,6.80308464859768,25.4377680138978,33.5598141293863,49.2449940826555,25.4383598958274,8.1583340175179,27.4764117400209,30.5654407117647,21.6126608269633,60.8358822920744,28.3827963401648,20.4659897132419,31.761398994264,25.6286584808868,46.6482351937307,7.13207790108439,5.10330787712643,5.05953506823125,25.0988327217787,34.0569983719494,50.295550861507,33.8497095832542,52.051474514557,27.9109034875106,49.6251542223701,7.26966278404024,5.58079901767797,7.54781408429869,22.6582353255875,11.1828824374328,30.66834033269,25.8254640864537,8.86828544798506,15.102248032108,5.80263899026344,84.3981535191711,21.8610274798435,48.4855130867226,5.14805714393742,80.8158072716089,70.3479931324919,19.8883071569451,108.59068497402,38.5181177180179,7.23516112081627,4.90373945390525,10.6349996007224,14.0779775725011,4.19856271705297,8.97285045781752,58.520295437958,45.7829049537398,52.7980187973022,52.8626102125836,37.5086532612213,33.6105998513813,27.3436927220746,33.4563158031227,26.0792813641635,43.8720998424298,90.6255776043464,27.0656305931637,22.4662164044232,20.8605366887675,23.3757601784442,27.5850954315948,27.6337563210157,3.92344732049541,6.8353239777776,18.3701957555576,17.2575096514142,6.86773964524639,9.77099143645353,8.97101960004467,5.57643043885673,73.3682002462511,6.68028727819544,1.45562496002768,37.6274166990211,48.386462237333,1.01098302909457,19.8098739875034,12.7208139372731,15.2270289634856,28.5395495817514,21.7793313365638,28.0326238379796,91.1328215624079,16.6718357302366,24.445379442623,6.41177919050401,7.58880880352206,6.72110182401761,10.5029821573782,144.747662651868,14.3646454882426,23.1094804164835,44.9810170606509,40.3119613223647,22.7923848680434,46.766214659561,56.9836505411657,7.29634022842485,12.7995928865759,14.9430374181085,8.45571612231357,21.0890884714807
CD14,58.683350618448,24.4228358846547,11.9750408571888,59.0225654575736,32.2983756261546,38.0017481720895,128.002080464,14.9621876361985,48.2473503699502,52.0870773170275,39.2286720209549,134.148561809079,61.3270834842856,36.3219985128782,34.1226353729587,36.7502524150013,57.9714100718558,11.0717811496668,9.14793916591595,8.85964787847183,26.3124822431346,49.9089451686374,104.040582409739,100.482751911434,108.259061279913,34.5551218232364,209.173356029444,5.70378899784129,8.48886767866383,23.5692515194465,68.2491405516613,13.3815795488227,50.5071773214464,55.953658858429,27.5792920824826,55.415431140174,6.92507141457135,304.297587585569,34.4097241855535,64.7788851284308,80.2669582829404,314.907134815241,318.715086740403,108.398373230131,191.950725394772,195.856913981503,24.9570995363902,45.3477926074248,29.1536628316982,37.8376263509456,3.61650629137353,32.2231189428467,96.1585302940103,47.4161377686636,75.0052962451324,305.020646755346,176.755489291282,58.2767322518158,55.6861055493493,86.7508615052564,188.320036880464,117.834394316996,108.206983771798,77.7350927076548,63.6570606277437,61.6318292210274,52.6365331075902,34.4140652295617,103.278414978257,17.3619780734483,20.1665149542519,45.8295566368801,43.3274791051966,28.3382506190466,9.19140673924135,6.65837436803213,4.1991169302951,259.877131390617,18.6501155574588,8.68853546894085,50.2545449992514,51.0865287275899,2.52298929872701,48.2079899093922,20.0089066247483,23.7843781841989,66.0323340404442,86.0766335230076,60.8654671512234,133.889492827822,44.2252360315445,102.916499580353,17.717001411538,18.0326903086336,15.967436817241,22.9102226149578,237.370407211161,31.1000467462677,41.5597170618913,46.0570513119846,52.7492603120714,86.4636310916936,84.9278596452343,118.03835378952,20.6319305114162,31.4854270185508,71.0524200545899,27.2674358457814,40.9686661104838
ITGAM,4.54619575473065,2.4616672415712,1.36762344287747,8.33620504661363,5.87862282466708,5.88891496405896,5.89398489499641,1.34507318042149,2.57926534545356,5.10752005855068,2.68256842132367,6.32821148224424,2.27102872067498,1.66104569417422,10.7061953090308,7.94700586889104,5.46244040407176,1.36810184149069,0.818672348326631,0.523415646350104,3.51929389017932,7.49227515096939,12.2419536955272,8.38469807204608,9.80033695581088,1.89865538666079,40.8093775104084,0.593438079796422,0.775353106180423,8.887437330931,7.4786353195774,2.81585271992964,7.19837838141836,6.43192647921356,2.46711409473822,3.33721976642552,1.83286244800302,25.633997448804,10.5839706972693,9.24625876338118,40.7176124894808,22.6896156203324,35.8893823194649,4.65230431860298,34.7796603434888,35.6621246151864,1.32214935363676,1.50465964156248,1.75868932476744,2.2513329122112,0.700164706767437,4.78586781541556,7.28187149376439,7.27242744126848,7.51920837081431,26.6496713429363,33.262634669141,17.0128367003689,9.27263906924924,2.22888715034873,1.55831986501029,10.2452542606975,12.1525297495258,7.90132147343525,6.71222426157329,2.61025086428221,3.32878438123346,4.28790544068812,6.12246553004032,0.878815354881516,1.45541773833325,4.42829998485985,3.62700248019215,2.35351251136566,0.4671027264682,0.678494978310773,0.617905669119462,33.3994672088186,3.56850519880993,1.10838077368465,4.89819639770456,7.95618066586196,0.551798443033263,8.00852181769763,1.72635607511443,2.26917213044808,5.19695442880985,2.71309477232872,9.80179089124923,4.78845383397736,6.25185309775515,3.91742119863677,0.785441981723109,0.877847232568793,1.26676174533409,2.11228318753206,9.96135895958188,2.29738776488295,3.52377678883043,5.6618413994278,4.78354390616209,6.58698432497302,5.33388768864685,2.00708263506904,1.7011579346805,2.41952719813785,2.66296129319083,1.31893126922192,1.90431198616163
CD33,2.48999668695071,0.930183324552351,0.42474316988098,1.97183175769815,2.27787733537129,2.70591687476429,4.47058827125405,0.541036396181219,2.04792266014314,2.65011737625956,1.92348155120329,3.14394870742106,2.42749733229787,1.84214102058151,3.26012275614064,3.88619449469525,2.81660715557299,0.226564384383776,0.156520860237851,0.164818006885279,1.34245231403462,2.94541854792616,2.35819176918019,1.99933932335989,2.11266363625631,1.58936325243051,5.27449594892128,0.324599992876444,0.230657705107376,1.16453060510491,2.20743661066165,0.671512040701538,2.36834601598084,1.44670213487076,0.408110730594718,0.82806579553969,0.451826807009181,8.58518570972208,1.50760621328743,3.42791534343211,0.899814594756213,7.81808690609192,8.11939568897088,1.18585809126457,7.5075013686015,3.43821936807806,0.688733773209756,0.428004769561989,0.496262130782875,0.39506418530839,0.144956658583005,0.536391260204906,3.57839140677822,1.71579703496393,2.2760858418932,7.30964691095275,6.61869255698247,2.68029424257214,1.61922649652187,1.42108965901213,1.05270484547121,2.3640806636335,6.11874511653875,2.61033440820245,2.42088297783734,1.07337516248584,1.09090736568706,2.47452343438209,3.15423591410232,0.662678388178532,0.538397651388628,0.870032274809094,0.938231566020102,0.913289035944941,0.301988777521989,0.241868870053751,0.188460594924115,6.78913708504387,0.513190217452864,0.369386765086449,2.08774458735621,4.08651178314321,0.0793155318462085,1.71999848242946,0.597795962481497,1.06422763999595,1.32769062355675,1.3558249975291,3.15705657190742,3.83248968380135,2.0279237883892,1.93728912153136,0.261402844187318,0.375145163973758,0.619566392396768,0.841183052658159,6.74394810424333,0.746425379937311,1.43790688402663,2.83613821659976,1.96853129630548,1.24517050894788,2.13217880445092,3.60967731900499,0.640328100166964,0.874961704081162,1.20765072059046,0.453424334239644,1.18891566257576
FCGR1A,8.90459149158911,4.20162482235817,1.1857512348157,8.7493785049459,1.46599178001279,1.32529087489067,14.2283656119362,0.681491794260732,6.94305326787988,3.08992366872796,3.95807792010227,21.0444268429374,5.62640903986738,4.17996592274733,3.97249212950624,4.66448491541868,6.8319216533621,0.601417753403964,0.255240052738293,0.245433161052876,1.63589189155064,2.63227791495652,5.50628744382262,7.31667795999954,8.40938566754282,6.91425342272415,22.1307002964136,0.667388709760854,1.02397415502119,4.30126017173129,6.57084926762184,1.11743588452984,7.17417063099383,4.1779227172635,1.24355305145207,2.81305761821553,0.822869697185983,22.4688103932122,0.861240075864533,4.84460954799072,16.0826129979362,24.4781347961345,24.5970656291034,13.036929986128,1.7393792220345,10.2774164972544,0.819881032857747,2.42803347307694,0.895928435785547,1.42988725606726,0.154639709744565,1.3435366199916,15.835948897585,5.52509843276463,1.82136765882283,10.2407579872137,19.0912497738792,2.8745441722509,1.38509810181764,1.86549444057189,0.449518579255505,7.14311174054244,15.682287943761,5.5857007864405,5.31870514449022,1.35330702442777,2.12951565394955,4.6859847938635,11.7950299539548,1.1238613763673,1.25156160257528,4.11469063997578,6.98041344748781,1.80849512008967,0.310561592471472,0.240113898796258,0.323091563399495,35.5343073178527,1.44588530289546,0.55685067095735,3.16887092684423,1.0689369141843,0.225509124146971,2.98112069085302,2.16412604380148,2.44496106282821,3.19308320010794,3.34164408167625,8.5202073405452,19.3058213678536,4.73576891540843,4.63352922197102,0.281339585784593,0.344940121946334,1.32951548602753,1.47958198190516,33.4370816199832,1.43822772724028,4.45557425470047,2.1632322877689,2.05813439971937,4.11020467651596,6.62941177660273,18.4255402816545,2.05344535182901,2.46748160732189,6.02042473240249,1.3252625445158,5.40087616175849
MSR1,31.5796242848468,11.1532836337954,12.6311059910831,47.3320144618558,1.11260048225287,0.724803523638633,49.3659539112607,7.99385840140274,16.4368269710129,21.7958148258941,15.4226879327475,42.2728012338873,22.0211896172892,16.7723446761473,29.2381628916512,25.322892643781,36.3740991927195,5.75886475114385,3.11889134079232,2.44382055438088,9.39760174827609,11.2781057000795,47.1880675359,38.9479082075888,46.5232057009654,16.2084144475435,159.454477411962,4.64946095220177,6.42913763554168,6.31364265518576,14.8579807736726,14.3442364065379,34.9390407416741,24.9002578162627,11.873350626891,9.85955612311602,8.39634188416508,191.946525661109,12.2308308578979,32.160628205062,2.23436503371869,125.004339834594,172.232129779803,26.6548339310343,56.7010809401664,27.6259211196073,5.10846176267577,17.957716075649,11.47959540388,13.137676385565,3.48225905438634,11.036707405659,45.5736552354817,29.6857504959037,16.2683709921171,63.7863592420429,53.8573869116549,25.3250419245724,16.7946465418532,15.8845535370132,7.576709484254,25.7802231692821,66.4788123994034,28.0810679497646,22.1774515883748,13.1507560732335,15.4247506478513,34.3009167875395,61.450655766871,6.87841667223342,11.0606269928854,15.97556328526,19.8436115871608,16.367108386253,1.79679814167874,1.18945072939571,3.98502656355694,148.166268510059,19.3841393774719,2.85087868934723,7.68378593937634,4.96856828794158,3.51233065917537,13.7406044690816,12.8499414428802,12.4629177511446,18.5255055505455,15.0682178711641,72.4565473435385,52.0054421241228,25.3521988854758,15.3413844750007,3.64175116931021,3.92005613531816,11.3122693441764,10.6560695137236,58.7859049578073,8.67477708901098,18.3768372385882,15.8316641360218,12.8000315493775,23.219787200207,12.4328307803955,22.5384335652855,9.95981032953814,20.2176179566528,27.7381675314609,8.91942998524642,21.8503798143423
C1QA,432.099640499215,160.566254448082,79.2430108370227,197.450946195944,245.84229882794,267.634174662532,1042.59933546772,39.6583974390752,509.401376466488,313.148422508915,188.675730464405,424.04454637425,435.872351649062,306.207934343623,208.775388300627,203.623883299482,621.831698269816,46.5844060112723,36.215634499352,36.5038239209682,222.948750863071,247.013711496853,670.03402238251,452.600131090278,401.68193010445,416.810411577226,382.306823976863,50.9321986726636,50.1202247489575,84.9455689196933,297.788352450109,64.1505475914711,344.127748190573,210.391544194199,44.6901059615534,128.915470389695,46.5706134944477,1925.82851617314,271.224442539039,671.708797760724,14.658595182799,1201.264386128,894.045411224481,706.877696014975,562.473039074011,533.698376197999,77.6473183698407,53.2521663229925,75.4776312701987,118.840709257892,23.3827721513888,117.758369250893,1067.86963807477,319.913706001632,266.530855597227,869.374220124986,776.466036186112,208.420097548275,191.534880094712,182.282417571799,217.672982788537,527.156619521972,1582.75735077393,332.090076387002,160.024448529308,164.304391320907,211.399923190176,332.441346956083,557.070626305919,121.209165928429,91.7817003499437,180.169651799076,188.683906233266,108.785839761709,42.5300569086039,27.913240735065,38.2837019713369,1203.51732270104,50.4225747169853,10.1876286686623,224.916276441475,312.494685118954,8.54093918339554,221.629218574073,140.798404772993,144.601737111739,203.372395550889,295.914904765177,644.637874354332,1514.69451932601,231.626016897452,359.215353163301,36.2638759679724,48.9664179667861,32.3224830455546,60.5760628570596,1954.07484539205,39.7267068650631,113.226993529203,95.8431187527298,85.0173515514832,298.558080458969,636.359760301032,1376.42343125654,70.7810701238741,138.453366308423,268.561387425386,164.108057493293,492.266350133309
C1QB,529.713771320024,199.496776616568,119.357559615705,305.293646817,189.235934859234,230.962799289426,950.907267264971,42.3096278110946,689.621107941592,361.953364378849,246.222393922291,545.570526207942,620.513891840041,415.657279583335,278.676851582353,280.472261077977,913.165992313964,75.5937182518471,41.6030724306062,51.0508027667023,276.373085404351,314.032822253017,831.260381575458,557.367478833064,468.310991395228,588.669318302228,494.250303660333,78.9593784435358,73.8419859082384,115.55646332572,310.351704342334,82.9559952612794,509.486678579846,311.188796344582,55.2702484354963,164.143603917995,69.1129474730099,2430.53818164699,341.469625294742,939.756836812849,19.1949282485285,1795.60959543036,1179.93214333108,982.477370589239,773.28561724354,546.380537736796,73.1154181356703,73.2322228221128,111.573984339293,188.957558193209,29.6530872595599,117.38644495391,1359.77919771725,456.946216618281,244.526168152127,1272.49102491225,1044.90468735766,235.768923541464,231.95554706829,276.827548329456,305.426602448311,631.288944924336,2052.00203017366,382.837702801241,216.257636255283,196.742841896119,285.540238938846,432.19350859216,737.847209584005,152.253505220003,124.927345156472,213.492116695791,219.213436596726,96.3222799853248,54.9688382347962,30.8008173628304,55.7500063190025,1427.98051199052,57.952554480499,10.3425411256691,272.808753720488,265.372601392763,9.33796039298964,264.368866782802,188.746481576762,196.747540077284,239.152511039281,377.976663336719,869.634400023143,2069.50756555484,290.67070018767,464.052200100216,43.0881717965269,56.5138794275707,25.3983303192846,56.3894034676845,2494.28355696214,37.2195313393368,179.74601506069,111.679409840734,103.744699103538,347.626938420146,784.271315507296,1595.3333181642,119.757532067179,178.517425991509,391.487366287155,220.133217332053,714.535502340406
C1QC,314.692087101268,110.28035270172,80.8657140092515,216.104458178149,160.276495467926,179.695272451153,549.16346105532,32.755228061857,429.403246242156,251.865690157283,163.572547773326,379.347417407934,352.356380843435,243.665259473884,151.04844394113,128.25727775323,497.191256014886,35.0337203154158,27.9921058623834,31.3152930477893,186.898986820935,207.309561460072,538.60097887263,411.49360629565,345.622263018241,287.710171038164,253.569305441907,40.3199314570323,44.3953786030152,59.3349609917797,235.191257584597,45.7340214358082,246.744832614621,194.049740548639,50.5223996550375,116.078249486104,40.6576788559947,1503.25902450735,175.498545648155,464.782586302174,9.93543471221781,998.626482295879,755.006295160139,471.899831169166,425.715912443054,310.654976596229,41.085655617367,39.095587172912,59.2617577522651,95.9481413257861,18.413661264341,101.894731000433,775.025531239454,244.859447448578,187.881406036167,746.807633906258,483.312045122762,147.863887655711,129.494097267224,164.509308885568,201.697509718499,411.643126146858,1153.0828768847,282.717166419755,156.538405400558,124.631549598664,180.330339210894,210.917150912659,472.281796625337,75.1203664566311,71.161457457542,132.258619355041,125.399831242522,91.4594643305597,38.9946454950073,22.2462200719763,33.9270556549072,813.113697571748,43.591474126139,8.82685459026349,191.200444484493,218.508020338912,7.51812680200014,152.307483558115,97.3366111791418,107.214691945139,162.173283688207,244.939395996302,492.472559587922,1119.15792344695,170.596175402957,242.894685538631,27.9200709153485,42.4278087727602,39.1420075584126,60.8874304907879,1361.8693153786,44.21731593088,119.633404428837,86.2400019169715,87.0003759226841,216.601367492947,543.031586921117,1049.17637740199,93.8940970673801,126.283490370562,222.425272282314,130.895732720348,327.780489331923
CD80,2.40333275679215,0.556303575714637,0.855929286526283,3.35957716717437,5.35456897531784,5.91347687374929,1.43046692450587,0.191187743186269,2.89650347559854,0.532741102824074,0.752378633764968,0.698286325206312,1.19873014164292,0.713601444653397,1.01463752380882,1.69772143277789,2.54545436821791,0.169833555870148,0.146075845567146,0.107811732689219,2.45478053338333,5.29895365731817,2.51383424261901,2.37185821037643,1.47601344735478,1.90415899928533,2.72067431614299,0.374796486700256,0.47651619914783,0.225228868686254,0.894867145500054,1.18966439416788,2.86063631389534,1.16781483962762,0.618566373177064,1.35967541557963,0.599979409052899,5.08025517930404,1.00321829181234,3.23500155446923,0.267937911362557,2.4673997330287,2.47535536117061,2.18260835825865,0.270695292692332,1.39468078630505,0.101490458950612,1.45123941106078,0.199333360114966,0.295339119078508,0,0.426824449999861,4.05261885248252,1.88891259941853,0.380987836865775,2.80991802366794,2.69729647314632,2.03475831204999,1.16093700433284,0.462444846107518,0.158448619718626,1.70052320970292,1.63554442951262,1.39834980709731,1.16397643968489,0.730497783312269,0.887099466146957,2.34363429311672,2.71862631179688,0.883922280899946,0.91579776877768,2.0000175126988,1.9237726947603,0.80518890863415,0.0861604929464854,0.180814514883012,0.102028914757735,3.19900493600775,0.369982049520438,0.297024598779882,1.97583592591671,3.16672025811737,0,0.126727802647598,0.405214190409574,0.395095443768177,0.711803811339633,0.801034069541722,4.136339480359,1.77125561905932,0.781071175584986,1.02101750324979,0.105929479667883,0.0692673281317334,0.153405633003177,0.267034670940424,7.55219539443051,0.332697911977309,1.42446245677679,0.629383556673285,0.621597672088274,2.80625472326985,2.05257342238409,5.31078411490257,0.602172369796323,0.478892669729404,0.774256651995382,0.36961888331075,1.40087503143047
CD86,20.098532727303,7.46815418196121,4.03567176034451,15.5649459288114,25.6058032958731,22.4527320271098,20.655811075109,2.03122255286602,15.9031313847626,10.299361028338,7.23076550081719,14.4911140763254,8.7108883623593,7.92278056351055,16.9377939934472,12.8961354680703,25.0839926059601,2.23957103859977,1.33357948540355,1.27327901724865,13.0705601999468,28.816611886609,21.2277727586334,21.2790886298205,18.2275586318909,11.850734244226,53.3853363188404,2.45391300625813,2.59259681544944,5.97276039512312,9.54006128977277,5.46477814010528,15.5622745980478,11.2183452382052,4.85408071271545,10.2541934698396,3.57180322650632,73.7180688907635,8.58311063799541,28.9895605664018,7.39266555933553,53.1858905492172,52.1331763543997,21.778339310575,26.8917313940039,22.2758254284947,3.1656895619903,8.49159998044493,3.56958158842427,4.08807660678614,1.82636556263159,6.28593057217835,31.8548696020194,24.8328555531006,14.0157628101247,45.1536132190011,47.3879298410577,12.2962020937024,12.2178488325604,6.15129940777552,3.57980893121995,18.9746265329069,46.8459561042738,17.7589851230391,12.6623864566979,6.01031509509629,6.67965860854392,17.269218790743,22.5999433594005,3.23358225988882,4.64480593199357,11.188947453906,10.9756173760157,5.15266197587023,1.24855627795728,0.527313788013549,2.06990898933557,58.6686168003951,4.34275791420088,2.16222714328614,14.7945538953026,18.3312900023109,0.72529466493179,7.19876372164918,5.05756220405672,5.00166493282148,9.28959764501118,8.50302657470684,25.0555656170141,33.9639920965914,12.718469039813,12.4913620362768,1.78761187622475,1.98492853745874,3.60361486972555,4.03507293464943,63.152276820858,5.26325218763631,11.4463404733526,8.36531253786608,7.54116679699964,18.6451712691668,17.5145533321748,38.5372120973914,4.15513742551627,5.76130498792078,8.27966744575849,4.90223172124907,14.5034780958226
HLA-DRA,290.15788679132,71.1090331220153,42.0146833395623,166.3453166989,520.042180159436,454.031530875179,741.655027799688,60.418823143681,262.860393648096,102.582074595298,87.1802801649866,330.907336317983,187.640588458292,145.206875993916,228.790013340036,215.428049932616,296.763580977404,17.2572961531217,12.7076212504775,14.04691595385,223.093783389854,432.067550252382,265.379391756926,169.299103204194,140.329658365834,123.127883003046,714.648963208434,32.7194734146349,16.3076472129012,53.380605249518,122.665497607688,85.217642508569,199.941662876824,114.426503949078,34.2041867608693,138.963937527227,29.9853004577735,681.271632829907,169.664463006211,313.532843292882,25.2472444292299,1350.06348650737,1574.49744723245,430.201846481552,137.574407432116,190.16076949517,65.3650160960054,183.734580455855,30.0647074292043,38.174458296315,8.36954931626707,60.3645119396932,460.745057949767,232.165947185076,217.726369368903,635.438354425744,723.881226369472,160.330883463599,129.360695439235,99.2146061614708,54.7656657784247,312.128911383172,533.365435547343,131.502996337097,83.90486805755,62.8507819730045,62.923919759746,487.299579546732,316.937654260785,38.0999032113726,42.8481687835566,156.386962587234,181.612592473122,17.5738923853399,33.1306914378824,28.9241930756927,17.9268261836621,1619.38630188578,25.3089222039506,7.33670007838673,200.417274255504,317.154560095932,3.34982533228619,64.4664025221351,188.266036465944,171.616603429641,107.89698137015,97.5344349245593,281.352345570998,376.554760644146,186.214928136584,225.522601936495,24.1573076090063,23.3570310977088,31.7580450920881,34.9285563462731,746.336586214288,87.6189885605889,204.776804569099,61.227238732031,56.7571352385415,157.564347951809,149.22598631574,412.216322754422,40.9496112038078,92.757289377632,158.952977543464,53.4887075783632,197.573011308152
HLA-DRB1,51.3168097969217,13.2440716509822,14.1421258655041,48.6811345650912,108.752987699376,114.77552464115,224.676398372194,18.9895858969101,43.2404033589351,24.6395076585979,19.1145384215088,71.6946078160963,51.7904888877959,39.437459922862,84.315200389477,90.2009184523613,72.4382209277478,3.15175845200611,3.77495955148873,4.04393664271877,50.6844780345756,100.265567050044,97.9532579072473,68.4632836574144,34.067238773222,30.8773388332669,180.149159390446,11.6202848770248,6.54133921915194,12.1309943737119,36.3775703990505,20.8478828991897,52.24213320954,41.7552841826945,10.3930944332789,55.4518984532778,9.19954759859307,216.081892663084,73.7499174501581,142.811322436396,3.87844997114982,239.181213541826,297.481248269107,139.276379056774,24.7873427286804,32.1650007513019,27.0002009441107,42.1340644014355,6.42176140570087,8.833501071326,1.39315853798514,9.67835417305524,59.3437591462767,59.567899335792,57.9372863528126,196.414734062763,236.032079420884,36.2100268172847,27.5735903654524,33.7409595750502,22.44162199929,102.036338359809,166.268130146355,31.3294180647208,22.8036641657615,24.5442717532323,28.1837369957522,180.539058448516,106.57803476901,9.96385098097811,14.6586515687351,55.5626973360387,63.8567026396977,2.6921737844241,9.08533491009801,7.98023722033028,4.2651845068453,493.267367447369,8.82404497979854,2.23101290085512,50.9778216784795,95.5481775697804,3.13967245620791,15.4666408310095,78.0986878506684,64.4141357476705,33.0874027643777,24.2266005804117,55.7283364966674,97.3738777016041,44.142258311702,57.3190606129868,7.31565987210601,7.14051132903119,7.89685797772098,11.5561064893274,149.558821679444,18.7742624776144,41.933435597405,17.7261981766904,17.391163922131,51.450757157281,66.130655146457,148.281667540324,11.5008425340309,19.2996763644385,29.9445361993126,10.5612011565784,38.3191509183774
NOS2,0.057493864325301,0.0762726434561171,0.278170482160465,0.534604090351712,0.201583236889116,0.350100353261234,0.240258704853588,0.346879009629559,0.156266095412854,0.0736558824510789,0.181372730491026,0.0547082012029897,0.168401389146152,0.110284442177378,0.0219291504405638,0.103962087140015,0.0337059918605215,0.756954634861576,0.154199750702303,0.197893136623941,0.197254515264467,0.319822188269047,0.0813962257935207,0.00578448215091067,0.268583924321695,0,0.296086640850211,0.293639455111958,0.168339316182546,0.369722886880676,1.40219191121916,0.0666838894203207,0.0513906835243927,0.305890580414827,2.04619157631632,0.944836092384083,4.24134728612697,0.0755562572516497,0.190541854382167,0.099176337339245,0,0.0284282089574693,0.0891655703559317,0.00558365549421816,0.0383112158526355,1.03583709833028,0.148426308755008,0.0256947671978534,0.0144157346498876,0,0.145974130746403,0.0247704798171955,0.0324263479178042,0.563272627535847,0.185727206580933,0.229931192900269,0.0632532616166731,0.260492420755569,0.15917160714407,0.164064346907601,0.0677120439905621,0.0280483845119112,0.0551135374851966,0.406670521527111,0.189567243026291,0.107398043500998,0.0588085605068875,0.160749952560189,0.0875319913434807,2.91153531278304,2.98700556255489,0.261156864895646,0.124539098857543,1.31463171608706,0,0,0.137735798649478,0.0742608697346315,0.00662554327268572,0.125936094859143,0.59227665126912,0.365914394703519,0.0392133037547971,0.0283676107186267,0.298146324069777,0.316971982664614,0.136017676145286,0.0304281766549615,0.407539051533285,0.0482683318919509,0.792302480287836,0.350578098902865,0.0965723993881024,0.0759758153984566,0.106271273782704,0.109655934612413,0.11078397152923,0.093170922884671,0.242027279112077,0.568514362177063,0.322068826402532,0.150022036118433,0.349098730800448,0.0852042338964967,0,0.516268374221628,0.0818547287849653,0.283791330812646,0.0736410435420147
TNF,0.524211894915474,0.0919158220330465,0.0843998667285811,0.417097378197935,3.42640304395554,1.97056271949103,0.75306065283881,0.138100999253115,0.31841594514379,0.126911310682673,0.232212807415239,0.200747159227623,0.33945079677259,0.285914876597789,0.40933304437059,0.430262795598663,0.457755291488389,0.0424562403723764,0.0121083060087539,0.00519780263653806,0.560389943273394,1.82583871367293,0.548887872852904,0.361297859416141,0.392075988387,0.397175566279123,0.40545618370586,0.0785755141838641,0.0526307166807935,0.238891388925588,0.22699525150188,0.330767994717156,0.758394655155236,0.115686249880882,0.231950651548102,0.456650480825359,0.165969511024521,0.972518279254656,0.118556161953874,0.383697478449953,2.01747037385692,0.649020283146189,0.734033752752094,0.19642481171637,0.137523713198052,0.388153072583038,0.152227984580545,0.352338178670441,0.0189740423245914,0.0678322711061026,0.00604610185826166,0.135154236044016,0.96417270196015,0.295803721406565,0.081908239772307,0.47941800074377,0.379804160054139,0.33701684788106,0.155086079436789,0.0785243961870398,0.0664370249343965,0.44300862727345,0.656822506685959,0.405221266947664,0.210329980106996,0.0486973877781166,0.124742049570156,0.451679487088386,0.37705066378927,0.112130210497736,0.0340072737955238,0.265897962927358,0.359673101060029,0.0894609069188514,0.0498474768448772,0.0406812070831372,0.0353159140196806,0.652071852752351,0,0.0432410988605867,1.05014660250866,1.61401686395659,0,0.134415188277417,0.162517901780626,0.156449878228239,0.185537030808109,0.194787063811807,0.821350847516943,0.895208894669819,0.0971151195998335,0.311616528750734,0.0108331485479528,0.0175324051658771,0.0563131654169852,0.101514078065739,0.858617061315059,0.250041680975126,0.415089664200559,0.20407654613142,0.145446494616094,0.544097001878286,0.387545444391785,0.840076406577458,0.0568689569415574,0.172392636778862,0.190989189369717,0.0519750251505362,0.207409387259515
IL1B,7.39709877914287,3.88081268912707,0.727421040774629,16.7931153335526,11.2495369308919,17.563316612398,2.18825685686409,0.57394382891485,3.14411482913484,0.909126362245431,1.57465309282993,16.6716053210449,2.29671351967111,2.34561990344807,2.1160356916575,4.14510829378148,2.57374063085903,0.705179276884409,0.0302426435414396,0.0908770430441305,9.51474703279718,3.33893074881461,6.58626947538624,4.61056621584656,22.8685815038151,1.98960608112121,35.1863669144907,0.201043033102412,0.306727299956989,3.88139221691264,5.64249381122556,1.6740443958524,6.62978844526548,3.53102960333958,153.106943941304,304.184978771144,1.25743288640042,2.45564998477308,2.73052251325233,2.92198731762375,6775.91629722754,7.56486902027683,10.8936857161031,1.62951223317231,4.63711344555129,14.7619368377867,1.29748850838918,184.805700032026,0.196026569137611,0.52037106564911,0.0880904068577074,3.77769377179705,3.00176103480241,4.3370739495841,0.699379397415714,2.62513841109628,3.84349131938575,7.42499909837904,3.88884044886196,1.76760916925863,0.864093148326187,3.45024536561888,1.15874841124234,8.03088903679522,27.1835866229347,1.38354545880156,1.27502152864918,4.03549582299739,2.78339728527426,0.961732999975623,0.332262175520605,2.81615544264095,6.23514009991434,1.85738236290893,4.40602005867813,1.51142697012695,0.169799945728202,6.88341517750129,2.01673711429561,25.0516290238192,5.03130069153544,5.21930739142469,0.351577805396598,3.86338998622159,0.900938414059705,1.15008167557182,2.18535186683093,3.56474738087747,2.37283708080315,3.11349068647435,2.04156560094841,1.79861213238011,0.151523184043244,0.221384264065358,1.01632504306816,1.15908310502058,15.8651442048373,2.65919711869774,2.46411357998183,25.3402363858428,9.09593319211556,159.494487826922,1.8866594719684,2.86980147567095,0.365544926981965,1.62006180603456,1.2843099284144,0.236266669073155,1.52873107867266
IL6,0.770187703095502,1.07735353847861,0.190120983607906,2.30830827848047,2.6644959078746,3.22588720285385,0.510873837793444,0.134106510508354,0.254093597854847,0.428089490184569,0.681335687231406,19.4915240758053,0.234129304054141,0.482034365035532,0.349717690310565,3.70600038019101,1.38563352210545,0.100596854436275,0.133202254860689,0.0718421707938049,1.22234446908964,1.28163941076183,0.333790926836912,0.455093613035653,1.53563288121695,0.700521174113203,4.68689945777895,0.249751975400081,0.866003524121669,0.0571752626572504,0.456001651110983,1.06989426850482,2.06407435080761,0.441363285920681,19.1783852475031,44.9213344692049,0.131084073035794,0.413123055612469,0.243095079866889,0.304609496932692,1.72593458551258,0.169255216028616,0.391834036229294,0.142473598015239,1.50124694437035,1.33227480942377,0.0338149415838146,23.7885320350017,0.112393899992881,0.221404742034012,0.0238763027220441,0.716321289188416,0.930821353684575,1.08681468596151,0.304653223508136,0.624145460293149,0.794763890698212,0.715451296281956,0.507681562624308,0.965173930030903,0.0767890302233497,2.1112790857157,0.925805826557198,0.56654293335606,0.317582989958777,0.312500450601611,0.784388983892981,1.66190616654763,1.15396604307221,0.426097082982421,0.236993136363854,2.1404700178826,2.92498634391042,1.32481788191204,0,0,0.0627587928905494,0.522299566890153,0.253587902184152,5.87960696077157,1.25938681827863,1.27319183722829,0.0119115951603569,0.156830539941458,1.13878559446626,0.505494774962105,1.33041677889338,0.431339470627437,0.407183598494709,0.969333534619707,0.178058941556469,0.224818664814729,0.102673308612036,0.115393637917299,0.150646538884415,0.527693234940134,2.75183191935015,0.877361518754489,0.388834913062694,0.641435865576995,0.519145854336171,16.1589592026354,0.2611816385321,0.362347861597602,0.901613932581398,0.510589162977681,0.0621613265069535,0.0369452687769693,0.072270716984682
CXCL9,170.493843711175,91.3223277598873,8.12860653751877,37.211066158358,229.309262669874,346.894006291558,164.920542502431,22.9226967406229,470.547213200008,144.95713635316,171.587264275361,22.262712488832,31.4720869373838,31.1372751036981,186.665314380167,335.685659369578,339.668237029702,0.373611578833661,0.689455032201398,1.05830393296435,84.4587808101025,127.427053655858,191.597109255544,158.346228158069,42.4542289581577,309.940128657789,10.9423565466028,24.7119476278771,10.9076472900902,13.1029976004972,25.6359529416725,102.844374792542,421.097464058041,22.5529656520136,7.38415127052746,30.9132141687594,29.9091310288771,235.181856211497,67.1880201757958,215.961347857567,2.77724751535548,194.117519916503,44.6240337430605,280.973162326783,2.67463898730007,33.0304859044472,18.1140729432273,23.7578199251613,1.86613620357532,5.88319586842568,0.646808571657606,11.8750556213452,682.45700330404,255.769480529158,50.1197757875906,39.7976399945214,87.3706897950621,26.2992260921746,52.3504470894391,21.746444460586,2.96933675534,407.074386394122,1544.55902759729,56.3615257868788,42.9098438879651,6.82712182846742,17.5436554933762,635.227743335173,88.1334501964811,8.61889068738166,16.0192833294236,310.695987193559,507.00425446635,6.74950203200036,4.64457048297816,5.83052211189021,7.88825830388645,95.572664209991,3.82880643475877,1.26161138260907,249.000130507406,249.6973121649,0.645369757749032,16.994144983456,32.1320903962697,76.3928730383104,67.7954298127,89.8612485146641,140.478148667928,385.158573616761,81.3550846513142,228.537427288407,0.112153948110593,0.262181599957952,0.545388670889094,3.84994491586752,3100.08029719516,12.3249118722201,135.996469030772,2.26368601072298,8.14668595708594,38.3925223218406,366.215298385111,1507.15653908658,21.6800631390868,8.1987177737705,91.7480662341154,9.03990482231603,77.7125173922295
CXCL10,107.928101494369,33.0734427596986,17.8110562991389,65.1723156160664,125.029946165855,96.886714179219,79.8537124327098,7.50537673416095,728.93718116021,67.4103562737043,121.603196682263,20.3539553073809,67.9342847459199,56.4948732753895,272.838544878814,537.037952323544,288.29287365254,2.34582599045642,2.26753919484001,2.77807732625969,60.0763700178902,34.5627932127506,326.723082893899,348.346486167189,104.77671909396,93.2387074054352,16.9096251156258,28.673528376689,19.7034033390819,6.7709428648805,14.2635901077775,40.4794191192398,157.754071373922,26.9997265790584,13.0043914860897,45.2701712755147,26.8994866612057,163.268315312758,67.2840267985959,154.235072414014,3.61381257950248,103.70222545227,40.8949333626729,57.8697448254114,1.40477758747997,29.3578290082551,29.3973457504133,59.2563804018411,4.46631310007596,8.1887385438252,0.807867269075478,16.0296293444392,329.387375477146,250.717262394021,22.5354305506106,23.610628893664,63.1301551454061,45.2706666474844,43.927974256233,21.9061432407299,2.3875326107602,276.058686555148,601.982571587488,62.0342933173546,56.9449123255488,25.4997837322894,36.8423497034158,155.684751823271,135.120150119244,10.589435942324,18.5299008494489,122.448515374414,242.275123746375,55.2206754539444,7.62058788507039,6.69366858416527,1.62608582895141,66.7125821029948,12.3164381556429,2.5552851512681,99.6257995036951,57.93472695686,1.63392604666737,22.4172430897697,32.1220335940981,48.441170752502,107.761780209571,228.878797161765,295.175413329568,257.669560626961,49.6757413702434,107.859401202,0.0234730096991332,0.211048890401375,6.29770493381463,7.2496460125787,738.68906920471,11.8536903665001,107.19669937811,6.88099026344552,5.79795228640337,55.6272937654051,355.801741165077,1415.16196958049,14.9135235751177,4.57581945926445,53.1386099644692,7.50037568368235,74.7474154371373
CXCL11,17.1182755945973,2.38166382501065,2.50408867817012,2.88427864629193,13.1477891007669,12.6162521929938,14.6088390255056,1.95606198213059,154.301972350869,7.02003894923163,14.4469856084964,1.41845316091513,4.59157355079319,4.66916728366508,21.9097586886985,54.7146120016113,30.8304279382281,0.139742288735962,0.412771471171623,0.285137838574859,74.2790698881669,4.50541613203805,78.9972632362262,65.5763798624472,14.0508890604412,9.63935892537184,1.97589046659309,2.80704712979333,2.10122782204209,0.833951738645917,1.2506505669446,6.69696180158381,22.786373708421,2.04908408201657,1.12927321324237,5.65463686125152,2.73139580042104,18.2048240965541,15.0835359820135,46.2039318845244,0.231487644595058,11.3024486080692,2.14211975140581,6.9105182777477,0.775973901028056,2.01488076394487,2.9280092495127,3.84037104083674,0.298066248666602,0.808769851855059,0,0.775565115545587,36.98714447072,56.6610474249855,3.66776348035279,2.45655752266952,5.09553133016717,4.1196940069038,3.66051377666144,2.05151483778488,0.466681614036972,51.6313260552,73.2569415648798,2.54740380198916,2.73182712046797,4.75845110290024,4.97435069165166,20.0570439580863,19.4257344584785,1.37530868743211,1.71191644186178,16.3676976894531,38.5083542314273,8.53920840592617,1.84578886308236,1.29715497232282,0.203420547099744,5.87183583507064,1.46777923812605,0.970401856321679,10.5850818871233,8.66301792705796,0.49640326614554,2.37968285003757,4.69684436069448,8.7189692144411,11.7476419400116,11.8938693354823,25.6999830946773,15.9682857276128,4.26198487814518,12.9852198077809,0,0.0320593942196218,0.448431207029899,0.681893441312469,129.196889109874,1.7429732650657,8.72171982238372,2.22759738451474,1.56507500318221,6.92202624627372,68.610361780293,310.834745374157,1.41762021514223,0.549688620429938,4.93923572558637,0.769827711680009,8.85136471472105
CCR7,7.05864334485328,3.44461187284019,0.315501271400341,0.437043439771203,117.556507066536,125.809273686901,3.70505625450912,1.72068968867642,3.93096900259802,1.63739544838576,1.46617374784968,1.71107859450356,1.80916722731946,1.60525413038959,2.21983197173199,3.37662575607918,0.973111327890149,0.0640245547923176,0.0417359558763274,0,26.6152931770988,42.3096216424202,3.12208406726958,0.463428660893449,2.26163350804362,5.41070179930853,5.02206235159421,0.50865237480749,0.18813107083239,1.48467193031959,1.35734050220806,1.23387956328911,2.25024576284123,0.662342744863423,0.594633745643427,5.53582133485992,1.57512158676417,4.34712392340447,3.25937371430806,7.69505901592012,0.375751023315585,3.57021337420907,1.46732887583348,6.89144271718401,0.79399794377267,3.38074768637364,2.19231473530817,6.16454642486918,0.0416190532108171,0.0835036199775544,0,1.50178973148099,5.30104718287493,1.34387394187706,2.09119990457437,2.88128102109443,1.24510770140379,1.6686255093954,1.2062861060646,0.947326369384672,0.977442783978536,7.8588465476985,5.03601967581881,2.94532422226325,0.435345518779783,0.746602231797989,0.625112673260149,2.20844891879678,1.76896917548427,0.153141550186313,0.144800201998135,7.15590681491584,12.2451809253002,0.0269816389136664,0.534546731749624,0.812858109317828,1.2142562053036,4.57651703299439,0.0430387282095203,0.0118560239008777,35.1573344913116,64.1172396395636,0,1.89186505381057,2.08018340604667,2.72390087375032,1.35478338656542,0.680821164444552,1.83930571860661,1.39353444149595,1.29713605945364,4.20519693419214,0.0130692215174661,0.0587535372545953,0,0.7997885710925,14.2837494960012,1.12399309775921,1.52559683946533,0.48988783140221,0.393678525655907,1.85943852882208,3.63952358455758,13.5663216353015,0.504465389159177,5.39438385830907,1.13939662212746,0.313516017093939,1.30016696465483
STAT1,256.217630822844,108.840758011862,60.4996506381633,96.3474284053875,184.385957353945,234.004764310072,52.497108502418,21.9209530801803,264.902194380164,135.188702032971,114.234303993649,40.9877921287126,138.301139202176,124.149908861729,223.943200488064,234.307183842739,505.198925679081,21.3803828829216,34.0457492705009,33.6584047977019,149.332612513986,151.964133149068,212.307686376083,284.870830089847,185.613575152655,150.914110894717,45.6061480189125,172.95894555734,182.18539824018,50.1633985619995,93.8829806241198,60.7810535552561,171.151607727653,188.919633868652,40.063925382592,102.711351206597,49.424025880171,315.906797384267,256.88068616734,361.803327620376,279.428875615896,190.621494380035,81.9385616795172,351.11366819018,28.4476439453983,112.102952848137,80.7576603029333,84.9369343420083,44.1653848535689,52.3207768445339,24.8477392976127,46.884277315686,323.755941997926,257.29837262786,81.410839578607,66.7605749567137,115.22018605072,122.203505789055,135.355613502695,64.3332538005548,21.1530087536805,237.288318394367,293.823865533454,186.891738075655,151.765516825586,77.3749540032545,81.3760765592445,243.301901055646,193.383581429447,33.7077471245211,51.6729612610558,146.562278686239,190.652022725445,113.343516776483,49.2661918672388,60.045937969673,25.7286250357198,183.128884538223,44.9350443523906,47.2401557368485,151.36019986729,148.579324730881,20.6496695456098,86.0321397026468,130.216663080594,143.308910658393,75.3342740617203,93.955213430657,113.389052043733,238.425369892634,130.764398485692,195.000686925163,17.4388838718027,16.0481525025384,56.3592991930482,64.2647631967467,648.11503324438,67.2052216698365,146.997634272697,25.8741646611042,20.3760295374888,81.7114344029185,305.107675253571,480.544390121115,57.9027394396043,23.4955304016262,66.2678423194174,33.8993382787481,201.099564273212
IL12A,0.113051344862515,0.0357086754681693,0.17364197738004,0.232408783165402,0.982015545666398,0.795495289163905,0.249655771314573,0.103344726046632,0.180746573366122,0.0643693542362951,0.0594394762641763,1.21518596233351,0.275942539595341,0.140553857295671,0.413230752939848,0.621284823800049,0.681177929523104,0.0387608115499436,0,0,0.591033190494827,1.02796518397223,0.228644343200214,0.473922662710613,1.97556743189107,2.75009450065702,0.305475903055248,0.0349932837705399,0.0711847295041475,0,0.144165136317974,0,0.261982874675903,0.501232347464212,0.370582556903376,0.809520811469267,1.7778742967416,0.247612987209322,0.333036702933062,0.325020720219882,0,0.0745319474205807,0.506503281937779,0.237883845334754,0.179362181731624,0.11591472868525,0.017372240721276,0.202096555640164,0.204720748226182,0.10110708581066,0.03679895859586,0.0487066939939782,0.602183272847316,1.2306381407332,0.27824697275002,0.224455914202905,0.207293606503983,0.284561944502908,0.242188716275517,0.0358447815442849,0,0.441216832787785,0.343174390615551,0.0919131548881261,0.188257521634501,2.05621598265676,2.89091146192381,0.145326838369706,0.32510784846738,0.579454514218481,0.255683239564275,0.326784188192802,0.389587770693749,0.0408370751125762,0.101130462763442,0,0,0.430573698940597,0.130279393499089,1.72264822948968,3.25462149645713,0.853957780612658,0,0,0.723766826583493,1.02254972149299,0.213963439664385,0.0332397429894463,1.02985028831215,0.333946091385515,0,0.145893922908548,0.0395608867555731,0.0177848545203099,0.298519069627804,0.245880945842627,0.594100247244447,0.0872399355156141,0.475903119717676,0.304185375562287,0.493694151092813,0.0678141046004796,0.847456635073698,0.893540284621556,0.0458109110155361,0.0590202857828671,0,0.151843433143876,0.0556930265328942
IL12B,0.0579225573912119,0.109773367491624,0.0333624538452543,0.0219832764647291,0.911143974039732,1.15689147666753,0.354219735184289,0.279572362426619,0.00926066273850709,0,0.0730900419677941,0,0.052202167695071,0.0617259772590094,0.154648629534295,0.184830463201507,0.249020308279004,0,0.0291280339690773,0,0.29524903122317,0.470917758155454,0.0820031426880186,0.0116552262853245,0.0481042798131817,0.150296316411422,0.232006724235775,0.0107574155263931,0.0437663249571729,0,0,0.0122147466037377,0.29913791137898,0.0770428501694566,0.0216994594765992,0.0497715607562911,0.0372642920875507,0.0543711638783632,0.294342648424729,0.299747485690641,0.485005292983675,0.0343682147830948,0.0239547781402188,0.0337517343402101,0,0,0.0213618605545814,0.103545423160331,0,0.00777042633280694,0,0,0.0980043881358943,0.168140021500546,0.0213842342180591,0.0690008274807821,0,0.317108641127322,0.114541744808617,0.0440767104971479,0,0.395605314229994,0.0333146892331693,0,0.0115745889952529,0,0,0.178701855788228,0.035273863405481,0,0,0.306157540000219,0.148280012791284,0,0.0466333375908545,0,0.0495581435124918,0,0,0,0.783536078511396,1.42988711628498,0,0,0,0.0199584643430571,0.0767378463304203,0.0306550590969989,0.0197868817377827,0,0.116811241001419,0.123336932164858,0,0,0,0,0.355122768866648,0.0715166748751775,0.130043687308168,0.0233776894405827,0.031400349383377,0.0625409584182949,0.13025989821169,0.583708902909336,0,0.108861873521104,0,0.0233393772929924,0
MRC1,1.32512176817599,0.494733447899988,0.264084033477774,1.38806423258705,0.168264220277668,0.357193590947805,1.12100527396489,0.168619426878776,0.538125837177906,0.577192451300281,0.406881436799692,0.560407844578611,0.340362305881611,0.319142375569532,2.11267346316269,1.79850243994835,0.621486053254338,0.624251578820754,0.286541604073813,0.175767368579343,0.626095000201203,0.515989565175468,0.996973136209684,0.826590602243254,1.50769100563901,0.593123997675575,1.43561396057267,0.118129194223739,0.11264208037703,0.195217379896498,0.874481560567044,0.452696916384982,0.668559224596947,1.4981638945858,0.461678791248346,0.566477160685935,0.15061060392704,2.12702600618488,0.854901872752361,1.87437380547508,0.0825726192186236,2.50554190764866,1.53172931771894,0.483883427667964,5.10373435936209,1.05278652860558,0.327432616273259,1.1796911186503,0.115181612122187,0.101327601557323,0.29503374046867,0.470430985582154,2.61826613165292,2.90660138797819,2.08651157259218,2.16714368367283,2.53138320983713,3.74739913188851,1.81857545273109,1.94110026423971,1.68131973144456,1.62390932652477,2.77678806134001,0.588234336086582,0.778504215744848,1.24026362225168,1.04490788077979,0.265736052342071,0.804286950202637,0.0326017297599091,0.428994769425024,0.348016764775142,0.281819524487194,0.390593348118377,0.13513470599402,0.146926113626427,0.088433678723636,2.09338010238802,0.320682365175527,0.0227158598104738,0.333686834566595,1.19603997783879,0.0877967813281551,1.23963942559499,0.122163430832633,0.210035649420522,1.0633726420439,0.446500891146811,0.602056235630238,0.516690350771252,0.581977587110988,0.913184464244862,0.130766102965675,0.282676731964832,0.0909757160728461,0.140999863962586,2.80636938850291,0.304727504555441,0.510720522038597,1.23543990389297,1.00570492254508,0.801236304399389,0.631763680610209,0.858831657716235,0.156794864849256,0.420615180247293,0.207525155310708,0.213578393631555,0.629300256235464
ARG1,0.199918003231139,0.137774381552322,0.219830917469391,0.0344884691595717,0.206667248283415,0.221340183231601,9.63244058842054,5.7218299718821,0.0435857796402596,0.0310444445731864,0.152889775845288,0.115291926688475,0,0,20.1894952514942,16.8569994964703,0.195337788613243,0.0186938004901633,0,0.0152575427659876,0.0712617725504709,0.427725997829277,0.294058633901879,0.109711829244612,0.0377342061235085,0.0982468400784333,0.207990749343531,0.219398064923649,0.343314053056434,15.9159726484198,2.17277627534713,0.36409906102973,0.0902504985096752,0.0863347829200318,0.1191512098065,0.429462695202262,0.253335743289497,0.0853002149883144,0,0.191586968659023,3.11438419324948,0.0539185829518205,0.0187907300451516,0,0.553624873237931,0.0798629457089458,51.1752071015287,26.4464147112353,0.0151898416130389,0.0975250834390261,0,0.0626414968211323,0.0341676023403066,0.197839888266267,0.117420315497491,0.108251966642644,0.0363544815490091,0.120085235687829,4.42059163544069,361.532227746195,408.353694155511,0.212792743887959,0.452969912296448,0,1.12584541648077,125.952850269196,33.2591142093921,0.12265594872764,0.184464700117344,0.260831998579362,51.3156042062456,0.030019708655603,0.322101882989542,0.393903070771707,0.0975476321976252,0,0.186598336080992,0.072229463795778,0,4.84638752397373,0,0.43814038763798,0.141665174527453,1.18368027430929,0.0349062677393042,0.594925000300766,0.137588789409852,0,0.0465639820573957,0.118673989202262,18.0612267226012,132.879790018269,0.0381593312755963,0.0514643283545599,0.015996844083219,0.12770688163083,12.9573555149625,15.7779779765664,6.56261353427674,0.146704377318309,0.0328416310172842,1.32458489104576,0.10217913806913,0,0.0883758617585809,0.113858652920691,168.945709729216,0.0366159883065863,0.304413020026388
CD163,87.8550362606966,39.753996334852,20.0199630177427,96.555201625814,8.09158413038953,9.93863696518306,22.659186218238,4.00544785538479,40.5557024724996,45.3813177291937,26.1973012745303,62.3111870468812,27.0803278680705,20.3271831988029,85.1396645502918,66.4299215196013,63.6058825303422,21.4064195676784,5.79657836608673,4.55015570089052,20.1334030090368,27.8443740736574,113.760103138337,106.255825620657,155.491886003759,69.941854441064,106.922213642709,10.4369528953854,10.4120612595552,87.6525970712665,175.229992157583,26.1882173637244,61.5987070467857,75.6451317658893,13.1863476708668,19.0445527574468,7.95949582055047,210.369096606243,57.7114936695818,226.866129875017,34.3725920642933,117.905856796777,87.0265696094954,38.8411795299797,329.248256850863,141.849015117763,8.72037069114373,21.3897104988062,9.07052768172482,12.3140368352929,7.91127846705405,11.5746705711654,121.434733721997,135.890863873315,65.5239386281044,231.46319189759,171.42020424228,39.2348779284555,33.8026896486358,85.2921729568736,67.7301805249842,65.4637601686485,547.460717968812,57.4557724624914,103.253197757528,44.8297272842739,52.5570755291999,54.4252016865661,134.704631164338,4.88032020577421,21.1369807570512,21.5751905079426,32.6997704776221,11.3830181027046,5.89475178555488,5.38870676815898,32.7379362837289,111.790226530383,15.2679612369665,1.58174672983758,41.1149543399663,43.6218086272063,1.70473839769431,36.2384447328057,9.72196119505531,19.2983738498123,31.4940065290563,22.690809464309,46.2178445151695,53.3738311995225,35.4049784568326,43.2928395727919,4.09946345376403,6.61783186069592,14.6689978619247,13.4268538880395,354.532150602512,10.8941810218191,26.5136636359672,37.3032050905364,33.6666458674419,42.2087066766636,76.0842872066141,79.2270910005618,27.8764680636311,25.2712231261908,40.1492659856993,24.5790007848109,45.6569847336383
IL10,18.69337645928,18.7416292695437,0.480673291435309,1.90035911096572,2.27752636045664,2.83221227951403,4.01472227462035,1.8125865597107,3.01538321122431,0.940823904044855,0.965298554063097,1.3764256539211,0.676897721438296,0.640313231500089,3.21485518593494,2.30790352475596,3.52255548084876,0.343350835276665,0.22382155342885,0.14011837923829,1.53792441730163,2.80319383230532,2.17727944309853,1.89754095663425,2.58167755732183,2.05714046584854,9.1684467334931,0.495963741985405,0.409869349529866,26.5790211804674,19.4270154241267,0.668744254512555,2.60249417875561,1.76014839933319,0.468956090161862,1.27283357423973,0.465304201302746,5.18583416292862,1.34598500806729,3.31096153572058,2.63260100313354,6.91578920404992,5.6256377410069,2.28552490075766,8.26189114083125,11.0747206776354,0.230830049362811,2.68531611223533,0.265043620631686,0.425422494117691,0.146687561474658,0.517744084223282,3.49864502195979,2.3467931906682,1.95640801385594,5.55296609314055,4.65739070805759,2.12684505827536,2.01333308520752,0.508032115588981,0.248986898489707,2.80100913215155,5.95181545620061,2.5036178557303,2.65151878399355,0.525098740813512,0.744967507482527,1.25515016619581,11.8752236436009,0.992364765970975,0.372089407958376,0.827062323181992,1.23251590176068,0.542614174838374,0.201562510728795,0.14393567966516,0.428408702850159,6.06940326717082,0.288510074922015,0.60402402429812,17.3154110472442,1.38414707702767,0,1.54820632563637,0.192338035130752,0.66137376531772,1.08981470212113,1.70777596670271,3.54926735672358,4.01686944351649,1.62687200660519,1.27620238872051,0.17521902881612,0.519887653408618,0.293815577022659,0.318332053273235,7.6308511499197,0.154557675812193,0.78067458080691,1.83565090416151,1.83977647643541,4.35515168081073,2.72126441128983,9.49818512492748,0.676336654342322,1.39416856778682,1.44272279470528,0.117692642586425,1.79246758016766
TGFB1,17.7098271880501,14.5682631053425,4.12151565838328,11.8433403093969,58.2980751774408,52.4180773131521,46.1905164493498,22.802788322787,22.5942870217821,14.122738725234,12.7097270660188,95.7899129826974,13.5884140770913,10.5624033307973,18.3483519248687,16.45799895793,22.5689729367584,6.2033507546558,2.42379666662868,2.36552943043872,20.7036827790883,31.0287992498006,32.9433887560275,26.2481894406759,40.5159717989335,28.2730826504112,39.6132248174711,3.0526709217992,3.26834978509725,15.952522011511,21.1694461617581,5.04296362634651,20.1171971198006,13.3383786220132,9.49124494115776,16.6725226690158,13.6887045781749,62.2964530102658,12.5057931106956,21.2473431642287,49.2143483992356,38.2534373182183,42.6519506856868,18.6756119231079,26.446660194576,42.3918904858741,11.8048166008137,7.00342648053303,14.9668547381595,17.9387638477745,1.47234306021972,16.1013703429039,26.2427686534959,17.4666242687345,31.0029891307261,40.7386172522929,32.0755590706907,26.2122052459393,21.2130894870123,8.11126673640867,8.50983013756091,27.9630944743167,42.7080939616735,28.4553100644014,23.8069092713378,12.5148781853518,15.4222242189648,12.1534522910702,25.8272715928296,6.44851223916348,4.65980213684726,14.61599575024,19.140725451163,11.7721871730832,4.77593207239573,3.57796994876743,21.1160897053786,57.4780404047662,9.68449636947315,87.5672991474568,27.2886109932656,43.6177518701361,1.56540017852835,14.5980060011634,8.87736201145984,12.7113554274789,18.057152722149,12.1329519058834,19.3569577678065,39.9456647654813,11.6723986544125,14.2343561136859,2.50401531830463,3.77954027435888,36.0709637863688,50.1691011334644,43.7627519360634,38.0332015964194,51.2040270296683,38.8187117603112,32.8619928285149,24.4972981503975,30.1828999525164,38.9377694444195,12.9005191271059,20.9560645988963,15.8732450873909,5.27856087427748,10.4718078889077
CCL18,155.011746297557,130.123966965266,22.9006988963216,130.628525788794,48.2164531542744,29.9015831533678,110.739194448283,40.7483154672531,372.963101279039,24.8497474046398,21.3870955011008,0.559989358201165,6.64304786555694,2.59638699617033,26.4981245341254,92.7687298632749,8.97031714982373,9.04352656855558,11.2163484328726,5.27649421827183,164.791830997642,188.677158990509,22.1027071753534,46.8229189724719,131.522036383401,26.3795572663167,144.296058437424,9.57443511455818,2.93484470498528,153.745320835577,223.328623223589,7.81854825790157,12.1337927367751,134.457297578041,12.7321578478946,84.879676372287,1.89305830150393,447.195394527537,21.8051726415436,75.7649328630484,77.3196434159139,216.565785712085,185.714690694247,171.530317369419,3729.85974643,554.922430122177,22.789221237092,354.810817909654,9.20764799034951,8.17120877671269,1.0689141654991,1.85597806295755,19.6161086121749,36.6757469057418,56.2505615890185,678.305939293285,1304.74156880448,26.9971215579005,23.6709589733284,53.4705451112323,4.3249177438003,217.255311716924,54.7665512423125,72.47319436802,31.9989133211372,1.87462807769486,4.03860672542618,13.0045343842824,231.232299059094,6.22590011302901,14.2378089528348,6.99888064656345,8.48303879771821,4.17087080079985,3.60090116569519,1.52254040373082,3.17217171337686,183.939552502328,3.2552928973019,10.5928184452569,29.3939528673925,72.1174070733398,10.1492978607882,105.926574158102,0.440816295450641,1.18627150435912,20.9508415188516,92.0366394092814,105.183157336203,2.99736589870855,110.967897731324,100.272751110575,8.93364458492103,16.164700467937,0.341875410692794,4.50153726434222,25.7000437149703,3.18805315000793,3.50135591081175,21.0918979047352,20.481917767008,151.422246267809,32.636600580069,23.1990473328307,16.5692115674231,902.762487277578,541.281068764461,126.166141651363,288.931443579331
CCL22,0.978351297512221,0.0353170793012805,0.139536919708369,0.0618854093624117,3.38170321894138,4.07759489850816,1.244086556095,1.29808484167456,0.0521396258159469,0.0716213848069538,0.264544372255948,0.403903679196043,0.367387514163092,0.228377654449526,2.39888597986849,3.77602682220768,0.291333124072938,0,0,0.00782223577036239,1.7627886450439,3.81757912524527,0.810324014806377,0.196864680577378,1.04466076335898,0.413027291504509,1.39511090015461,0.0259571496646105,0.0880051102420193,0.239673684997768,0.499044565437921,0.137543572277455,0.231348090765034,0.115081484457079,1.32644824734748,8.02644878188846,0.19981561235888,0.699707315270834,0.339677749249689,0.71434757334139,0.0725764650928598,0.792431940627076,0.905561213800341,0.108588513360484,0.0354790443096275,0.818882568749711,0.910631664237468,7.07076493576236,0.0389376337441846,0,0.00909885148283517,0.0642300748762262,0.77074991653473,0.28738085665911,1.78877140569487,0.229922810184298,0.158424807188896,3.2101900565447,1.91626219375228,0.1063550783449,0.0804732194732705,0.927303814694753,0.312615392627221,0.13635779558283,0.11171580687536,0.192373873634439,0.112635487391175,0.323399528770968,0.425571062779287,0.0382066650224934,0.00903140396287204,0.63870582322634,0.25687692625592,0,0.637636578662612,0,0.0797210163288679,1.24052495119575,0,0,1.30890224493037,21.5461046159779,0,0.36778733677419,0.0447393561840293,0.0802647632165097,0.352695046191122,0.098625666484793,0.389916168692636,0.078225134173076,0.104392651980173,0.784598568191484,0.0293452842297594,0.0263847276279718,0.0410063035443722,0.205771511222651,0.962986687031652,1.28705812336512,1.15927767411846,0.122220130658262,0.067348978755116,2.54867622458033,0.20954076840496,0.395842480012587,0.00755142158960687,0.42806899530795,0.0758035861008716,0.00938614093671232,0.0734430315622265
FOLR2,44.7858750156208,21.6406886673474,20.6173652150831,39.7795065254564,26.3112441028549,27.4034411680945,98.4736396864479,12.0250497783363,44.52650283938,50.6719995813925,24.9249537134446,68.4976078202858,44.4684696301734,29.5633921123673,33.3756628521371,43.5714856184043,46.5314992546645,10.9292122773755,17.4082111131054,14.0665101084071,24.8138406625743,64.085531996603,3.71941272085175,10.0615415509541,26.7527847792856,22.2220279765734,44.6372790673368,9.46507992745223,7.60633381210266,9.5002942180829,44.3053019583414,17.6165049901732,33.902906983921,36.8171208524082,11.1898893906341,17.7647946351394,5.46459482117598,118.515138242523,47.6694668648693,98.5559956335713,1.47458243632635,83.6338402409251,52.3942042148794,47.2303546608797,285.342346994585,21.845643793302,16.6456018248999,17.7484911881457,11.3519555481918,13.5448630473936,9.7656822535772,10.0671697862036,81.5530821228404,43.8980648275621,107.455502788898,165.115520097282,131.493677607838,40.3452415540265,26.4075638194634,37.0665941841651,29.9919892032917,100.788251477151,43.3003868580126,20.5513060201149,20.8245277121143,25.265458453564,34.9392478065864,11.704448167836,43.7728372526729,15.9689671642555,15.0991658911159,19.8538833548993,16.0006064377538,21.1015024331708,8.83845371979119,5.06436516254231,4.2576097797578,34.4897924842552,8.61566081031041,0.183155127848041,34.2702043322418,69.3591651833776,3.06841006224492,42.2259535521356,5.72524517304322,15.0136268631907,41.6306451140102,49.8733688605789,47.1583761602162,100.619593730911,26.9334888132754,27.8978107844479,12.2400019453234,17.3813223039525,0.888694701535645,4.72978413594358,153.198195173537,9.40536753067474,17.833299406943,33.3037096205598,33.4490995591777,51.8263448365665,42.9792015874014,58.3792490841897,8.68932935147559,18.5995307506766,13.127944528972,18.695068208283,46.6841993789009
TGM2,19.6260385412786,15.4076178087069,2.93747956141502,8.93991270714281,16.9895339738526,27.373387566297,4.26906905495512,3.28824688221437,13.4903269537176,5.47318368049108,7.317980739975,82.1054639379956,4.77789244996302,3.30664735900482,8.93804499146856,8.07014265923584,19.2080606655318,3.27491321054253,2.12532520481305,2.17642755450941,25.0238814495363,18.8500223715584,34.2001538246088,16.1145623996439,69.2299225398789,35.0494372430561,28.5448710737166,0.718459767569265,1.02918514963634,6.23758945639108,7.22542636384925,3.34858761303849,20.5660125261819,22.0636512657596,6.24467575018905,16.7423907445478,1.94151292251084,31.0657486190696,4.73895362885523,10.4425173739894,1.49478377213248,25.6816331354274,36.093565740101,11.7154958501439,15.0232609001505,26.031017792003,1.21755285095668,2.5562112985556,5.96538935929277,6.48844028012481,1.89080966085584,18.6843943308756,40.8262938252369,8.08048609193846,4.5799521152031,9.86132469224947,9.69505560360407,16.3343728456533,16.8218682252155,42.0103536602279,82.549237140387,28.935142211631,35.4718798858919,12.8886118389379,24.0167513776234,26.229007747781,29.9832218251041,28.5019176372003,11.6929073342082,8.89471312437916,13.6244218667912,22.033213841171,28.5450903202225,10.930458095556,3.59283974167218,3.66797948872577,4.64420054183303,66.9831640742657,4.68675847930228,8.07051841021888,28.3717663322822,23.3511802324229,1.31430752130498,8.23450202747541,4.61746683183886,7.03126261647105,11.4002315501812,6.83171802322483,9.40627587168416,23.4314345508399,12.0812347000718,29.5109720241396,1.62873031304498,1.93088353125263,1.56879658065227,2.17951918263601,37.5048720730498,12.8694307049355,18.0753847302782,12.813573849966,15.4413011418233,7.14746467194513,12.926598724223,21.4512237429223,7.90202041324853,15.4124898971873,23.2745638961792,5.00277396373337,11.4305456292149
STAT6,33.7030367003507,35.1079531738002,54.2250263336649,51.6710560911852,77.3580354282995,83.402794067059,27.3713044513534,58.1033254418862,47.4604414033013,50.0141753862748,39.7858506293626,32.3957984710078,67.1273078710895,69.6237198438516,56.0102123637873,50.5751154883799,63.7763879502918,28.0995511160372,67.4405755707694,82.6280473466818,40.9814698582787,78.9308719853164,39.618329059114,33.5353240277237,56.8100106829761,48.4707301784945,33.7762148621085,86.7439315200711,72.4003484574256,40.027939561125,49.3569025431862,20.4231035684784,23.6913246730807,26.3427046909298,51.1719763879885,45.2171939881444,42.3333493595109,36.433202687585,45.6447687203948,63.861974150107,35.9047043221073,36.5778759479353,37.538807912162,42.5065144112664,55.6800815699026,45.0117519898269,51.8132000658745,20.4867623600179,91.1183403424095,101.54733297816,46.5342675251675,31.9781776898316,43.5667326954984,29.5743999222637,34.275694272109,38.1687884007221,32.5080367808313,52.0636184704519,55.6926591689267,30.781381957738,35.8217768408243,32.992703954968,40.5150686921393,76.485202458541,49.7571697368512,35.2579050441401,45.5944904453702,31.9212136465182,62.8835335978635,29.8376884732745,31.8642151904647,43.586212659074,54.6490652116865,31.7298916724447,34.7147053460922,22.1019517083109,16.9480822280713,41.9866668324621,37.2849545697511,33.0282766904417,70.0500700310818,80.2119548183089,26.0332885557726,39.2103853870627,32.9121230967594,33.0668726530861,55.0702338452731,61.2030568241611,42.5037864645443,47.8162093644333,36.567993031415,44.7634921029462,82.7784686362196,77.5453648616336,27.7809747838053,34.6391705724753,41.2117451107385,66.1086961998553,59.6651730507679,56.6276893658539,51.2662418403907,35.4852346406648,72.5937138291058,62.0180364325145,41.026803050763,127.449049709675,97.9586243207488,53.3878271952784,53.8692604886013
IRF4,14.8934991216173,21.0258233847211,0.692956959902618,0.712433388972116,15.7344264835674,21.6489430745904,6.66161356089529,52.6868180755371,34.4114050310711,15.2743538545107,11.3859100823519,30.153430847561,23.2473687598487,28.8014107249766,15.592869005073,14.6346109969867,14.7857188960803,22.5552890696817,32.5208428067752,37.5705678531859,13.733696726008,17.474952692108,25.9154801498263,26.8225711214125,1.64311063438296,10.0275722885438,1.57049932204767,41.7004250015564,42.8616040107679,11.4677446163588,8.73185360608483,30.4223683534741,25.9775743392053,16.6102215863113,16.8696596371602,12.4411427566674,36.1657604814102,4.35709161541817,21.9577197994145,20.483241325202,1.02599240761451,11.5346228914825,1.9231706286412,17.6296453116006,1.9981053992383,7.69379042315255,35.0670795640269,10.6314584896053,70.1687833174448,72.2734168950008,18.0349744399665,11.3151007655071,21.4268020523435,6.43207806201435,1.98061864490991,1.1144582552263,0.529099462205193,21.6611143040099,23.5716162979417,5.01576090018408,0.813966130191145,24.8256643015259,17.7203531150095,9.5992314929813,8.37601225964254,1.21217690990765,1.15045929510507,17.3411882682355,10.9725496774774,7.11116981480244,12.8067178812266,7.03274206503759,10.0057625153033,34.1195588795985,16.3208071510891,2.12338602045497,28.2742887190741,12.1229442420392,14.5721988734783,0,19.0712467772448,20.9318713653466,9.0618586298229,4.99722459444261,29.2809307168586,23.0353749503261,40.9735874212694,37.6050319075611,15.2844036548585,8.86268662514495,23.9325453742361,17.2725911140098,58.6091402457547,53.2479297815362,15.2081718078467,19.7940141561263,7.36489007662986,7.84202559214897,10.8394429971354,0.331460274440033,0.185022112042142,38.3522998434205,22.2729934451666,20.7376917696003,22.2355868451873,46.3672644621636,26.5994373268046,30.5990845573019,42.6352096449448
PPARG,2.83048689881089,1.06519021406588,1.25767123005349,3.03092299163803,1.17250776137949,1.72029997021599,3.48664111556607,0.745188633763493,1.16367030949129,3.84718417882038,2.48316279603096,0.265059408690498,1.40302253772837,1.42199246421402,2.85321924452466,2.12468536569666,4.29859338273711,0.59891333682227,1.17260408095364,1.25600164661354,3.64660182914426,3.04522590245139,2.42069207372647,1.88766131269016,4.8609110048907,2.51811151422444,13.5509087078249,0.961243231046073,0.618700530832338,2.03293601964537,3.41870125425422,0.895342379325433,2.67459311966495,2.18206669902061,1.03765950336797,8.96429925595298,2.21119570196488,15.3950802290581,4.11852458795435,3.07678870072516,0.692908797308332,11.8762013823564,16.5806003713817,1.97920491424858,26.9212444958611,4.0156666407513,0.984234064136158,1.12041260453245,1.72356358671686,1.26933450360646,0.481730329042741,1.63061666739983,3.57286206982694,1.32050181222339,8.59121150564579,12.9437595005185,13.0142123401672,1.94655034036683,1.18342541075973,3.82314661286382,3.44148242651203,14.4003259310655,5.86072964271939,2.92915769657637,1.93924285819335,2.33755427891556,1.41376530030202,1.87126675580742,4.01380263481982,0.389640934055241,1.30122061355374,0.467528835576257,0.812184720225067,1.18311517211562,16.9175216284772,10.7601308722916,0.643492298787334,14.0773978861558,1.03446566006987,0.546830008972544,2.89480600666082,4.50749239150398,0.724927918670522,42.1205220276324,0.691189784634431,2.13870499027939,4.72184917707297,3.92336734437449,4.68265796480585,3.22121164742463,2.22891042788886,1.81594972990898,3.28560695429343,2.77856347605646,0.27049036063142,0.657559662127025,2.20285668465061,2.23416752170103,3.33627621315464,2.98653807032115,2.07513782280301,0.836809309036778,1.45494339608727,1.56602104166013,0.871701787744464,2.11944619953936,3.78307694644103,4.37470663861879,5.92817645662334
